C Major Chord, Root Position, 36;48;60;64;67
C Major Chord, 1st Inversion, 36;48;64;67;72
C Major Chord, 2nd Inversion, 36;48;67;72;76
C Minor Chord, Root Position, 36;48;60;63;67
C Minor Chord, 1st Inversion, 36;48;63;67;72
C Minor Chord, 2nd Inversion, 36;48;67;72;75
C Diminished Chord, Root Position, 36;48;60;63;66
C Diminished Chord, 1st Inversion, 36;48;63;66;72
C Diminished Chord, 2nd Inversion, 36;48;66;72;75
C Augmented Chord, Root Position, 36;48;60;64;68
C Augmented Chord, 1st Inversion, 36;48;64;68;72
C Augmented Chord, 2nd Inversion, 36;48;68;72;76
C Sus2 Chord, Root Position, 36;48;60;62;67
C Sus2 Chord, 1st Inversion, 36;48;62;67;72
C Sus2 Chord, 2nd Inversion, 36;48;67;72;74
C Sus4 Chord, Root Position, 36;48;60;65;67
C Sus4 Chord, 1st Inversion, 36;48;65;67;72
C Sus4 Chord, 2nd Inversion, 36;48;67;72;77
C Maj7 Chord, Root Position, 36;48;60;64;67;71
C Maj7 Chord, 1st Inversion, 36;48;64;67;71;72
C Maj7 Chord, 2nd Inversion, 36;48;67;71;72;76
C Maj7 Chord, Drop 2, 36;48;55;60;64;71
C Min7 Chord, Root Position, 36;48;60;63;67;70
C Min7 Chord, 1st Inversion, 36;48;63;67;70;72
C Min7 Chord, 2nd Inversion, 36;48;67;70;72;75
C Min7 Chord, Drop 2, 36;48;55;60;63;70
C Dom7 Chord, Root Position, 36;48;60;64;67;70
C Dom7 Chord, 1st Inversion, 36;48;64;67;70;72
C Dom7 Chord, 2nd Inversion, 36;48;67;70;72;76
C Dom7 Chord, Drop 2, 36;48;55;60;64;70
C Dim7 Chord, Root Position, 36;48;60;63;66;69
C Dim7 Chord, 1st Inversion, 36;48;63;66;69;72
C Dim7 Chord, 2nd Inversion, 36;48;66;69;72;75
C Dim7 Chord, Drop 2, 36;48;54;60;63;69
C Half-Dim7 Chord, Root Position, 36;48;60;63;66;70
C Half-Dim7 Chord, 1st Inversion, 36;48;63;66;70;72
C Half-Dim7 Chord, 2nd Inversion, 36;48;66;70;72;75
C Half-Dim7 Chord, Drop 2, 36;48;54;60;63;70
C Min(Maj7) Chord, Root Position, 36;48;60;63;67;71
C Min(Maj7) Chord, 1st Inversion, 36;48;63;67;71;72
C Min(Maj7) Chord, 2nd Inversion, 36;48;67;71;72;75
C Min(Maj7) Chord, Drop 2, 36;48;55;60;63;71
C Maj6 Chord, Root Position, 36;48;60;64;67;69
C Maj6 Chord, 1st Inversion, 36;48;64;67;69;72
C Maj6 Chord, 2nd Inversion, 36;48;67;69;72;76
C Maj6 Chord, Drop 2, 36;48;55;60;64;69
C Min6 Chord, Root Position, 36;48;60;63;67;69
C Min6 Chord, 1st Inversion, 36;48;63;67;69;72
C Min6 Chord, 2nd Inversion, 36;48;67;69;72;75
C Min6 Chord, Drop 2, 36;48;55;60;63;69
C Add9 Chord, Root Position, 36;48;60;64;67;74
C Add9 Chord, 1st Inversion, 36;48;64;67;74;72
C Add9 Chord, 2nd Inversion, 36;48;67;74;72;76
C Add9 Chord, Drop 2, 36;48;55;60;64;74
C MinAdd9 Chord, Root Position, 36;48;60;63;67;74
C MinAdd9 Chord, 1st Inversion, 36;48;63;67;74;72
C MinAdd9 Chord, 2nd Inversion, 36;48;67;74;72;75
C MinAdd9 Chord, Drop 2, 36;48;55;60;63;74
C 7b5 Chord, Root Position, 36;48;60;64;66;70
C 7b5 Chord, 1st Inversion, 36;48;64;66;70;72
C 7b5 Chord, 2nd Inversion, 36;48;66;70;72;76
C 7b5 Chord, Drop 2, 36;48;54;60;64;70
C 7#5 Chord, Root Position, 36;48;60;64;68;70
C 7#5 Chord, 1st Inversion, 36;48;64;68;70;72
C 7#5 Chord, 2nd Inversion, 36;48;68;70;72;76
C 7#5 Chord, Drop 2, 36;48;56;60;64;70
C Maj9 Chord, Root Position, 36;48;60;64;67;71;74
C Maj9 Chord, 1st Inversion, 36;48;64;67;71;74;72
C Maj9 Chord, 2nd Inversion, 36;48;67;71;74;72;76
C Maj9 Chord, Drop 2, 36;48;59;60;64;67;74
C Min9 Chord, Root Position, 36;48;60;63;67;70;74
C Min9 Chord, 1st Inversion, 36;48;63;67;70;74;72
C Min9 Chord, 2nd Inversion, 36;48;67;70;74;72;75
C Min9 Chord, Drop 2, 36;48;58;60;63;67;74
C Dom9 Chord, Root Position, 36;48;60;64;67;70;74
C Dom9 Chord, 1st Inversion, 36;48;64;67;70;74;72
C Dom9 Chord, 2nd Inversion, 36;48;67;70;74;72;76
C Dom9 Chord, Drop 2, 36;48;58;60;64;67;74
C 7b9 Chord, Root Position, 36;48;60;64;67;70;73
C 7b9 Chord, 1st Inversion, 36;48;64;67;70;73;72
C 7b9 Chord, 2nd Inversion, 36;48;67;70;73;72;76
C 7b9 Chord, Drop 2, 36;48;58;60;64;67;73
C 7#9 Chord, Root Position, 36;48;60;64;67;70;75
C 7#9 Chord, 1st Inversion, 36;48;64;67;70;75;72
C 7#9 Chord, 2nd Inversion, 36;48;67;70;75;72;76
C 7#9 Chord, Drop 2, 36;48;58;60;64;67;75
C 13 Chord, Root Position, 36;48;60;64;67;70;74;81
C 13 Chord, 1st Inversion, 36;48;64;67;70;74;81;72
C 13 Chord, 2nd Inversion, 36;48;67;70;74;81;72;76
C 13 Chord, Drop 2, 36;48;62;60;64;67;70;81
C Min13 Chord, Root Position, 36;48;60;63;67;70;74;81
C Min13 Chord, 1st Inversion, 36;48;63;67;70;74;81;72
C Min13 Chord, 2nd Inversion, 36;48;67;70;74;81;72;75
C Min13 Chord, Drop 2, 36;48;62;60;63;67;70;81
C Major Scale, Block View, 36;48;60;62;64;65;67;69;71;72
C Natural Minor, Block View, 36;48;60;62;63;65;67;68;70;72
C Harmonic Minor, Block View, 36;48;60;62;63;65;67;68;71;72
C Melodic Minor, Block View, 36;48;60;62;63;65;67;69;71;72
C Dorian, Block View, 36;48;60;62;63;65;67;69;70;72
C Phrygian, Block View, 36;48;60;61;63;65;67;68;70;72
C Lydian, Block View, 36;48;60;62;64;66;67;69;71;72
C Mixolydian, Block View, 36;48;60;62;64;65;67;69;70;72
C Locrian, Block View, 36;48;60;61;63;65;66;68;70;72
C Pentatonic Maj, Block View, 36;48;60;62;64;67;69;72
C Pentatonic Min, Block View, 36;48;60;63;65;67;70;72
C Blues, Block View, 36;48;60;63;65;66;67;70;72
C Whole Tone, Block View, 36;48;60;62;64;66;68;70;72
C Diminished (HW), Block View, 36;48;60;61;63;64;66;67;69;70
C Hirajoshi, Block View, 36;48;60;64;65;69;71;72
C Insen, Block View, 36;48;60;61;65;67;70;72
C Neapolitan Maj, Block View, 36;48;60;61;63;65;67;69;71;72
C Enigmatic, Block View, 36;48;60;61;64;66;68;70;71;72
Db Major Chord, Root Position, 37;49;61;65;68
Db Major Chord, 1st Inversion, 37;49;65;68;73
Db Major Chord, 2nd Inversion, 37;49;68;73;77
Db Minor Chord, Root Position, 37;49;61;64;68
Db Minor Chord, 1st Inversion, 37;49;64;68;73
Db Minor Chord, 2nd Inversion, 37;49;68;73;76
Db Diminished Chord, Root Position, 37;49;61;64;67
Db Diminished Chord, 1st Inversion, 37;49;64;67;73
Db Diminished Chord, 2nd Inversion, 37;49;67;73;76
Db Augmented Chord, Root Position, 37;49;61;65;69
Db Augmented Chord, 1st Inversion, 37;49;65;69;73
Db Augmented Chord, 2nd Inversion, 37;49;69;73;77
Db Sus2 Chord, Root Position, 37;49;61;63;68
Db Sus2 Chord, 1st Inversion, 37;49;63;68;73
Db Sus2 Chord, 2nd Inversion, 37;49;68;73;75
Db Sus4 Chord, Root Position, 37;49;61;66;68
Db Sus4 Chord, 1st Inversion, 37;49;66;68;73
Db Sus4 Chord, 2nd Inversion, 37;49;68;73;78
Db Maj7 Chord, Root Position, 37;49;61;65;68;72
Db Maj7 Chord, 1st Inversion, 37;49;65;68;72;73
Db Maj7 Chord, 2nd Inversion, 37;49;68;72;73;77
Db Maj7 Chord, Drop 2, 37;49;56;61;65;72
Db Min7 Chord, Root Position, 37;49;61;64;68;71
Db Min7 Chord, 1st Inversion, 37;49;64;68;71;73
Db Min7 Chord, 2nd Inversion, 37;49;68;71;73;76
Db Min7 Chord, Drop 2, 37;49;56;61;64;71
Db Dom7 Chord, Root Position, 37;49;61;65;68;71
Db Dom7 Chord, 1st Inversion, 37;49;65;68;71;73
Db Dom7 Chord, 2nd Inversion, 37;49;68;71;73;77
Db Dom7 Chord, Drop 2, 37;49;56;61;65;71
Db Dim7 Chord, Root Position, 37;49;61;64;67;70
Db Dim7 Chord, 1st Inversion, 37;49;64;67;70;73
Db Dim7 Chord, 2nd Inversion, 37;49;67;70;73;76
Db Dim7 Chord, Drop 2, 37;49;55;61;64;70
Db Half-Dim7 Chord, Root Position, 37;49;61;64;67;71
Db Half-Dim7 Chord, 1st Inversion, 37;49;64;67;71;73
Db Half-Dim7 Chord, 2nd Inversion, 37;49;67;71;73;76
Db Half-Dim7 Chord, Drop 2, 37;49;55;61;64;71
Db Min(Maj7) Chord, Root Position, 37;49;61;64;68;72
Db Min(Maj7) Chord, 1st Inversion, 37;49;64;68;72;73
Db Min(Maj7) Chord, 2nd Inversion, 37;49;68;72;73;76
Db Min(Maj7) Chord, Drop 2, 37;49;56;61;64;72
Db Maj6 Chord, Root Position, 37;49;61;65;68;70
Db Maj6 Chord, 1st Inversion, 37;49;65;68;70;73
Db Maj6 Chord, 2nd Inversion, 37;49;68;70;73;77
Db Maj6 Chord, Drop 2, 37;49;56;61;65;70
Db Min6 Chord, Root Position, 37;49;61;64;68;70
Db Min6 Chord, 1st Inversion, 37;49;64;68;70;73
Db Min6 Chord, 2nd Inversion, 37;49;68;70;73;76
Db Min6 Chord, Drop 2, 37;49;56;61;64;70
Db Add9 Chord, Root Position, 37;49;61;65;68;75
Db Add9 Chord, 1st Inversion, 37;49;65;68;75;73
Db Add9 Chord, 2nd Inversion, 37;49;68;75;73;77
Db Add9 Chord, Drop 2, 37;49;56;61;65;75
Db MinAdd9 Chord, Root Position, 37;49;61;64;68;75
Db MinAdd9 Chord, 1st Inversion, 37;49;64;68;75;73
Db MinAdd9 Chord, 2nd Inversion, 37;49;68;75;73;76
Db MinAdd9 Chord, Drop 2, 37;49;56;61;64;75
Db 7b5 Chord, Root Position, 37;49;61;65;67;71
Db 7b5 Chord, 1st Inversion, 37;49;65;67;71;73
Db 7b5 Chord, 2nd Inversion, 37;49;67;71;73;77
Db 7b5 Chord, Drop 2, 37;49;55;61;65;71
Db 7#5 Chord, Root Position, 37;49;61;65;69;71
Db 7#5 Chord, 1st Inversion, 37;49;65;69;71;73
Db 7#5 Chord, 2nd Inversion, 37;49;69;71;73;77
Db 7#5 Chord, Drop 2, 37;49;57;61;65;71
Db Maj9 Chord, Root Position, 37;49;61;65;68;72;75
Db Maj9 Chord, 1st Inversion, 37;49;65;68;72;75;73
Db Maj9 Chord, 2nd Inversion, 37;49;68;72;75;73;77
Db Maj9 Chord, Drop 2, 37;49;60;61;65;68;75
Db Min9 Chord, Root Position, 37;49;61;64;68;71;75
Db Min9 Chord, 1st Inversion, 37;49;64;68;71;75;73
Db Min9 Chord, 2nd Inversion, 37;49;68;71;75;73;76
Db Min9 Chord, Drop 2, 37;49;59;61;64;68;75
Db Dom9 Chord, Root Position, 37;49;61;65;68;71;75
Db Dom9 Chord, 1st Inversion, 37;49;65;68;71;75;73
Db Dom9 Chord, 2nd Inversion, 37;49;68;71;75;73;77
Db Dom9 Chord, Drop 2, 37;49;59;61;65;68;75
Db 7b9 Chord, Root Position, 37;49;61;65;68;71;74
Db 7b9 Chord, 1st Inversion, 37;49;65;68;71;74;73
Db 7b9 Chord, 2nd Inversion, 37;49;68;71;74;73;77
Db 7b9 Chord, Drop 2, 37;49;59;61;65;68;74
Db 7#9 Chord, Root Position, 37;49;61;65;68;71;76
Db 7#9 Chord, 1st Inversion, 37;49;65;68;71;76;73
Db 7#9 Chord, 2nd Inversion, 37;49;68;71;76;73;77
Db 7#9 Chord, Drop 2, 37;49;59;61;65;68;76
Db 13 Chord, Root Position, 37;49;61;65;68;71;75;82
Db 13 Chord, 1st Inversion, 37;49;65;68;71;75;82;73
Db 13 Chord, 2nd Inversion, 37;49;68;71;75;82;73;77
Db 13 Chord, Drop 2, 37;49;63;61;65;68;71;82
Db Min13 Chord, Root Position, 37;49;61;64;68;71;75;82
Db Min13 Chord, 1st Inversion, 37;49;64;68;71;75;82;73
Db Min13 Chord, 2nd Inversion, 37;49;68;71;75;82;73;76
Db Min13 Chord, Drop 2, 37;49;63;61;64;68;71;82
Db Major Scale, Block View, 37;49;61;63;65;66;68;70;72;73
Db Natural Minor, Block View, 37;49;61;63;64;66;68;69;71;73
Db Harmonic Minor, Block View, 37;49;61;63;64;66;68;69;72;73
Db Melodic Minor, Block View, 37;49;61;63;64;66;68;70;72;73
Db Dorian, Block View, 37;49;61;63;64;66;68;70;71;73
Db Phrygian, Block View, 37;49;61;62;64;66;68;69;71;73
Db Lydian, Block View, 37;49;61;63;65;67;68;70;72;73
Db Mixolydian, Block View, 37;49;61;63;65;66;68;70;71;73
Db Locrian, Block View, 37;49;61;62;64;66;67;69;71;73
Db Pentatonic Maj, Block View, 37;49;61;63;65;68;70;73
Db Pentatonic Min, Block View, 37;49;61;64;66;68;71;73
Db Blues, Block View, 37;49;61;64;66;67;68;71;73
Db Whole Tone, Block View, 37;49;61;63;65;67;69;71;73
Db Diminished (HW), Block View, 37;49;61;62;64;65;67;68;70;71
Db Hirajoshi, Block View, 37;49;61;65;66;70;72;73
Db Insen, Block View, 37;49;61;62;66;68;71;73
Db Neapolitan Maj, Block View, 37;49;61;62;64;66;68;70;72;73
Db Enigmatic, Block View, 37;49;61;62;65;67;69;71;72;73
D Major Chord, Root Position, 38;50;62;66;69
D Major Chord, 1st Inversion, 38;50;66;69;74
D Major Chord, 2nd Inversion, 38;50;69;74;78
D Minor Chord, Root Position, 38;50;62;65;69
D Minor Chord, 1st Inversion, 38;50;65;69;74
D Minor Chord, 2nd Inversion, 38;50;69;74;77
D Diminished Chord, Root Position, 38;50;62;65;68
D Diminished Chord, 1st Inversion, 38;50;65;68;74
D Diminished Chord, 2nd Inversion, 38;50;68;74;77
D Augmented Chord, Root Position, 38;50;62;66;70
D Augmented Chord, 1st Inversion, 38;50;66;70;74
D Augmented Chord, 2nd Inversion, 38;50;70;74;78
D Sus2 Chord, Root Position, 38;50;62;64;69
D Sus2 Chord, 1st Inversion, 38;50;64;69;74
D Sus2 Chord, 2nd Inversion, 38;50;69;74;76
D Sus4 Chord, Root Position, 38;50;62;67;69
D Sus4 Chord, 1st Inversion, 38;50;67;69;74
D Sus4 Chord, 2nd Inversion, 38;50;69;74;79
D Maj7 Chord, Root Position, 38;50;62;66;69;73
D Maj7 Chord, 1st Inversion, 38;50;66;69;73;74
D Maj7 Chord, 2nd Inversion, 38;50;69;73;74;78
D Maj7 Chord, Drop 2, 38;50;57;62;66;73
D Min7 Chord, Root Position, 38;50;62;65;69;72
D Min7 Chord, 1st Inversion, 38;50;65;69;72;74
D Min7 Chord, 2nd Inversion, 38;50;69;72;74;77
D Min7 Chord, Drop 2, 38;50;57;62;65;72
D Dom7 Chord, Root Position, 38;50;62;66;69;72
D Dom7 Chord, 1st Inversion, 38;50;66;69;72;74
D Dom7 Chord, 2nd Inversion, 38;50;69;72;74;78
D Dom7 Chord, Drop 2, 38;50;57;62;66;72
D Dim7 Chord, Root Position, 38;50;62;65;68;71
D Dim7 Chord, 1st Inversion, 38;50;65;68;71;74
D Dim7 Chord, 2nd Inversion, 38;50;68;71;74;77
D Dim7 Chord, Drop 2, 38;50;56;62;65;71
D Half-Dim7 Chord, Root Position, 38;50;62;65;68;72
D Half-Dim7 Chord, 1st Inversion, 38;50;65;68;72;74
D Half-Dim7 Chord, 2nd Inversion, 38;50;68;72;74;77
D Half-Dim7 Chord, Drop 2, 38;50;56;62;65;72
D Min(Maj7) Chord, Root Position, 38;50;62;65;69;73
D Min(Maj7) Chord, 1st Inversion, 38;50;65;69;73;74
D Min(Maj7) Chord, 2nd Inversion, 38;50;69;73;74;77
D Min(Maj7) Chord, Drop 2, 38;50;57;62;65;73
D Maj6 Chord, Root Position, 38;50;62;66;69;71
D Maj6 Chord, 1st Inversion, 38;50;66;69;71;74
D Maj6 Chord, 2nd Inversion, 38;50;69;71;74;78
D Maj6 Chord, Drop 2, 38;50;57;62;66;71
D Min6 Chord, Root Position, 38;50;62;65;69;71
D Min6 Chord, 1st Inversion, 38;50;65;69;71;74
D Min6 Chord, 2nd Inversion, 38;50;69;71;74;77
D Min6 Chord, Drop 2, 38;50;57;62;65;71
D Add9 Chord, Root Position, 38;50;62;66;69;76
D Add9 Chord, 1st Inversion, 38;50;66;69;76;74
D Add9 Chord, 2nd Inversion, 38;50;69;76;74;78
D Add9 Chord, Drop 2, 38;50;57;62;66;76
D MinAdd9 Chord, Root Position, 38;50;62;65;69;76
D MinAdd9 Chord, 1st Inversion, 38;50;65;69;76;74
D MinAdd9 Chord, 2nd Inversion, 38;50;69;76;74;77
D MinAdd9 Chord, Drop 2, 38;50;57;62;65;76
D 7b5 Chord, Root Position, 38;50;62;66;68;72
D 7b5 Chord, 1st Inversion, 38;50;66;68;72;74
D 7b5 Chord, 2nd Inversion, 38;50;68;72;74;78
D 7b5 Chord, Drop 2, 38;50;56;62;66;72
D 7#5 Chord, Root Position, 38;50;62;66;70;72
D 7#5 Chord, 1st Inversion, 38;50;66;70;72;74
D 7#5 Chord, 2nd Inversion, 38;50;70;72;74;78
D 7#5 Chord, Drop 2, 38;50;58;62;66;72
D Maj9 Chord, Root Position, 38;50;62;66;69;73;76
D Maj9 Chord, 1st Inversion, 38;50;66;69;73;76;74
D Maj9 Chord, 2nd Inversion, 38;50;69;73;76;74;78
D Maj9 Chord, Drop 2, 38;50;61;62;66;69;76
D Min9 Chord, Root Position, 38;50;62;65;69;72;76
D Min9 Chord, 1st Inversion, 38;50;65;69;72;76;74
D Min9 Chord, 2nd Inversion, 38;50;69;72;76;74;77
D Min9 Chord, Drop 2, 38;50;60;62;65;69;76
D Dom9 Chord, Root Position, 38;50;62;66;69;72;76
D Dom9 Chord, 1st Inversion, 38;50;66;69;72;76;74
D Dom9 Chord, 2nd Inversion, 38;50;69;72;76;74;78
D Dom9 Chord, Drop 2, 38;50;60;62;66;69;76
D 7b9 Chord, Root Position, 38;50;62;66;69;72;75
D 7b9 Chord, 1st Inversion, 38;50;66;69;72;75;74
D 7b9 Chord, 2nd Inversion, 38;50;69;72;75;74;78
D 7b9 Chord, Drop 2, 38;50;60;62;66;69;75
D 7#9 Chord, Root Position, 38;50;62;66;69;72;77
D 7#9 Chord, 1st Inversion, 38;50;66;69;72;77;74
D 7#9 Chord, 2nd Inversion, 38;50;69;72;77;74;78
D 7#9 Chord, Drop 2, 38;50;60;62;66;69;77
D 13 Chord, Root Position, 38;50;62;66;69;72;76;83
D 13 Chord, 1st Inversion, 38;50;66;69;72;76;83;74
D 13 Chord, 2nd Inversion, 38;50;69;72;76;83;74;78
D 13 Chord, Drop 2, 38;50;64;62;66;69;72;83
D Min13 Chord, Root Position, 38;50;62;65;69;72;76;83
D Min13 Chord, 1st Inversion, 38;50;65;69;72;76;83;74
D Min13 Chord, 2nd Inversion, 38;50;69;72;76;83;74;77
D Min13 Chord, Drop 2, 38;50;64;62;65;69;72;83
D Major Scale, Block View, 38;50;62;64;66;67;69;71;73;74
D Natural Minor, Block View, 38;50;62;64;65;67;69;70;72;74
D Harmonic Minor, Block View, 38;50;62;64;65;67;69;70;73;74
D Melodic Minor, Block View, 38;50;62;64;65;67;69;71;73;74
D Dorian, Block View, 38;50;62;64;65;67;69;71;72;74
D Phrygian, Block View, 38;50;62;63;65;67;69;70;72;74
D Lydian, Block View, 38;50;62;64;66;68;69;71;73;74
D Mixolydian, Block View, 38;50;62;64;66;67;69;71;72;74
D Locrian, Block View, 38;50;62;63;65;67;68;70;72;74
D Pentatonic Maj, Block View, 38;50;62;64;66;69;71;74
D Pentatonic Min, Block View, 38;50;62;65;67;69;72;74
D Blues, Block View, 38;50;62;65;67;68;69;72;74
D Whole Tone, Block View, 38;50;62;64;66;68;70;72;74
D Diminished (HW), Block View, 38;50;62;63;65;66;68;69;71;72
D Hirajoshi, Block View, 38;50;62;66;67;71;73;74
D Insen, Block View, 38;50;62;63;67;69;72;74
D Neapolitan Maj, Block View, 38;50;62;63;65;67;69;71;73;74
D Enigmatic, Block View, 38;50;62;63;66;68;70;72;73;74
Eb Major Chord, Root Position, 39;51;63;67;70
Eb Major Chord, 1st Inversion, 39;51;67;70;75
Eb Major Chord, 2nd Inversion, 39;51;70;75;79
Eb Minor Chord, Root Position, 39;51;63;66;70
Eb Minor Chord, 1st Inversion, 39;51;66;70;75
Eb Minor Chord, 2nd Inversion, 39;51;70;75;78
Eb Diminished Chord, Root Position, 39;51;63;66;69
Eb Diminished Chord, 1st Inversion, 39;51;66;69;75
Eb Diminished Chord, 2nd Inversion, 39;51;69;75;78
Eb Augmented Chord, Root Position, 39;51;63;67;71
Eb Augmented Chord, 1st Inversion, 39;51;67;71;75
Eb Augmented Chord, 2nd Inversion, 39;51;71;75;79
Eb Sus2 Chord, Root Position, 39;51;63;65;70
Eb Sus2 Chord, 1st Inversion, 39;51;65;70;75
Eb Sus2 Chord, 2nd Inversion, 39;51;70;75;77
Eb Sus4 Chord, Root Position, 39;51;63;68;70
Eb Sus4 Chord, 1st Inversion, 39;51;68;70;75
Eb Sus4 Chord, 2nd Inversion, 39;51;70;75;80
Eb Maj7 Chord, Root Position, 39;51;63;67;70;74
Eb Maj7 Chord, 1st Inversion, 39;51;67;70;74;75
Eb Maj7 Chord, 2nd Inversion, 39;51;70;74;75;79
Eb Maj7 Chord, Drop 2, 39;51;58;63;67;74
Eb Min7 Chord, Root Position, 39;51;63;66;70;73
Eb Min7 Chord, 1st Inversion, 39;51;66;70;73;75
Eb Min7 Chord, 2nd Inversion, 39;51;70;73;75;78
Eb Min7 Chord, Drop 2, 39;51;58;63;66;73
Eb Dom7 Chord, Root Position, 39;51;63;67;70;73
Eb Dom7 Chord, 1st Inversion, 39;51;67;70;73;75
Eb Dom7 Chord, 2nd Inversion, 39;51;70;73;75;79
Eb Dom7 Chord, Drop 2, 39;51;58;63;67;73
Eb Dim7 Chord, Root Position, 39;51;63;66;69;72
Eb Dim7 Chord, 1st Inversion, 39;51;66;69;72;75
Eb Dim7 Chord, 2nd Inversion, 39;51;69;72;75;78
Eb Dim7 Chord, Drop 2, 39;51;57;63;66;72
Eb Half-Dim7 Chord, Root Position, 39;51;63;66;69;73
Eb Half-Dim7 Chord, 1st Inversion, 39;51;66;69;73;75
Eb Half-Dim7 Chord, 2nd Inversion, 39;51;69;73;75;78
Eb Half-Dim7 Chord, Drop 2, 39;51;57;63;66;73
Eb Min(Maj7) Chord, Root Position, 39;51;63;66;70;74
Eb Min(Maj7) Chord, 1st Inversion, 39;51;66;70;74;75
Eb Min(Maj7) Chord, 2nd Inversion, 39;51;70;74;75;78
Eb Min(Maj7) Chord, Drop 2, 39;51;58;63;66;74
Eb Maj6 Chord, Root Position, 39;51;63;67;70;72
Eb Maj6 Chord, 1st Inversion, 39;51;67;70;72;75
Eb Maj6 Chord, 2nd Inversion, 39;51;70;72;75;79
Eb Maj6 Chord, Drop 2, 39;51;58;63;67;72
Eb Min6 Chord, Root Position, 39;51;63;66;70;72
Eb Min6 Chord, 1st Inversion, 39;51;66;70;72;75
Eb Min6 Chord, 2nd Inversion, 39;51;70;72;75;78
Eb Min6 Chord, Drop 2, 39;51;58;63;66;72
Eb Add9 Chord, Root Position, 39;51;63;67;70;77
Eb Add9 Chord, 1st Inversion, 39;51;67;70;77;75
Eb Add9 Chord, 2nd Inversion, 39;51;70;77;75;79
Eb Add9 Chord, Drop 2, 39;51;58;63;67;77
Eb MinAdd9 Chord, Root Position, 39;51;63;66;70;77
Eb MinAdd9 Chord, 1st Inversion, 39;51;66;70;77;75
Eb MinAdd9 Chord, 2nd Inversion, 39;51;70;77;75;78
Eb MinAdd9 Chord, Drop 2, 39;51;58;63;66;77
Eb 7b5 Chord, Root Position, 39;51;63;67;69;73
Eb 7b5 Chord, 1st Inversion, 39;51;67;69;73;75
Eb 7b5 Chord, 2nd Inversion, 39;51;69;73;75;79
Eb 7b5 Chord, Drop 2, 39;51;57;63;67;73
Eb 7#5 Chord, Root Position, 39;51;63;67;71;73
Eb 7#5 Chord, 1st Inversion, 39;51;67;71;73;75
Eb 7#5 Chord, 2nd Inversion, 39;51;71;73;75;79
Eb 7#5 Chord, Drop 2, 39;51;59;63;67;73
Eb Maj9 Chord, Root Position, 39;51;63;67;70;74;77
Eb Maj9 Chord, 1st Inversion, 39;51;67;70;74;77;75
Eb Maj9 Chord, 2nd Inversion, 39;51;70;74;77;75;79
Eb Maj9 Chord, Drop 2, 39;51;62;63;67;70;77
Eb Min9 Chord, Root Position, 39;51;63;66;70;73;77
Eb Min9 Chord, 1st Inversion, 39;51;66;70;73;77;75
Eb Min9 Chord, 2nd Inversion, 39;51;70;73;77;75;78
Eb Min9 Chord, Drop 2, 39;51;61;63;66;70;77
Eb Dom9 Chord, Root Position, 39;51;63;67;70;73;77
Eb Dom9 Chord, 1st Inversion, 39;51;67;70;73;77;75
Eb Dom9 Chord, 2nd Inversion, 39;51;70;73;77;75;79
Eb Dom9 Chord, Drop 2, 39;51;61;63;67;70;77
Eb 7b9 Chord, Root Position, 39;51;63;67;70;73;76
Eb 7b9 Chord, 1st Inversion, 39;51;67;70;73;76;75
Eb 7b9 Chord, 2nd Inversion, 39;51;70;73;76;75;79
Eb 7b9 Chord, Drop 2, 39;51;61;63;67;70;76
Eb 7#9 Chord, Root Position, 39;51;63;67;70;73;78
Eb 7#9 Chord, 1st Inversion, 39;51;67;70;73;78;75
Eb 7#9 Chord, 2nd Inversion, 39;51;70;73;78;75;79
Eb 7#9 Chord, Drop 2, 39;51;61;63;67;70;78
Eb 13 Chord, Root Position, 39;51;63;67;70;73;77;84
Eb 13 Chord, 1st Inversion, 39;51;67;70;73;77;84;75
Eb 13 Chord, 2nd Inversion, 39;51;70;73;77;84;75;79
Eb 13 Chord, Drop 2, 39;51;65;63;67;70;73;84
Eb Min13 Chord, Root Position, 39;51;63;66;70;73;77;84
Eb Min13 Chord, 1st Inversion, 39;51;66;70;73;77;84;75
Eb Min13 Chord, 2nd Inversion, 39;51;70;73;77;84;75;78
Eb Min13 Chord, Drop 2, 39;51;65;63;66;70;73;84
Eb Major Scale, Block View, 39;51;63;65;67;68;70;72;74;75
Eb Natural Minor, Block View, 39;51;63;65;66;68;70;71;73;75
Eb Harmonic Minor, Block View, 39;51;63;65;66;68;70;71;74;75
Eb Melodic Minor, Block View, 39;51;63;65;66;68;70;72;74;75
Eb Dorian, Block View, 39;51;63;65;66;68;70;72;73;75
Eb Phrygian, Block View, 39;51;63;64;66;68;70;71;73;75
Eb Lydian, Block View, 39;51;63;65;67;69;70;72;74;75
Eb Mixolydian, Block View, 39;51;63;65;67;68;70;72;73;75
Eb Locrian, Block View, 39;51;63;64;66;68;69;71;73;75
Eb Pentatonic Maj, Block View, 39;51;63;65;67;70;72;75
Eb Pentatonic Min, Block View, 39;51;63;66;68;70;73;75
Eb Blues, Block View, 39;51;63;66;68;69;70;73;75
Eb Whole Tone, Block View, 39;51;63;65;67;69;71;73;75
Eb Diminished (HW), Block View, 39;51;63;64;66;67;69;70;72;73
Eb Hirajoshi, Block View, 39;51;63;67;68;72;74;75
Eb Insen, Block View, 39;51;63;64;68;70;73;75
Eb Neapolitan Maj, Block View, 39;51;63;64;66;68;70;72;74;75
Eb Enigmatic, Block View, 39;51;63;64;67;69;71;73;74;75
E Major Chord, Root Position, 40;52;64;68;71
E Major Chord, 1st Inversion, 40;52;68;71;76
E Major Chord, 2nd Inversion, 40;52;71;76;80
E Minor Chord, Root Position, 40;52;64;67;71
E Minor Chord, 1st Inversion, 40;52;67;71;76
E Minor Chord, 2nd Inversion, 40;52;71;76;79
E Diminished Chord, Root Position, 40;52;64;67;70
E Diminished Chord, 1st Inversion, 40;52;67;70;76
E Diminished Chord, 2nd Inversion, 40;52;70;76;79
E Augmented Chord, Root Position, 40;52;64;68;72
E Augmented Chord, 1st Inversion, 40;52;68;72;76
E Augmented Chord, 2nd Inversion, 40;52;72;76;80
E Sus2 Chord, Root Position, 40;52;64;66;71
E Sus2 Chord, 1st Inversion, 40;52;66;71;76
E Sus2 Chord, 2nd Inversion, 40;52;71;76;78
E Sus4 Chord, Root Position, 40;52;64;69;71
E Sus4 Chord, 1st Inversion, 40;52;69;71;76
E Sus4 Chord, 2nd Inversion, 40;52;71;76;81
E Maj7 Chord, Root Position, 40;52;64;68;71;75
E Maj7 Chord, 1st Inversion, 40;52;68;71;75;76
E Maj7 Chord, 2nd Inversion, 40;52;71;75;76;80
E Maj7 Chord, Drop 2, 40;52;59;64;68;75
E Min7 Chord, Root Position, 40;52;64;67;71;74
E Min7 Chord, 1st Inversion, 40;52;67;71;74;76
E Min7 Chord, 2nd Inversion, 40;52;71;74;76;79
E Min7 Chord, Drop 2, 40;52;59;64;67;74
E Dom7 Chord, Root Position, 40;52;64;68;71;74
E Dom7 Chord, 1st Inversion, 40;52;68;71;74;76
E Dom7 Chord, 2nd Inversion, 40;52;71;74;76;80
E Dom7 Chord, Drop 2, 40;52;59;64;68;74
E Dim7 Chord, Root Position, 40;52;64;67;70;73
E Dim7 Chord, 1st Inversion, 40;52;67;70;73;76
E Dim7 Chord, 2nd Inversion, 40;52;70;73;76;79
E Dim7 Chord, Drop 2, 40;52;58;64;67;73
E Half-Dim7 Chord, Root Position, 40;52;64;67;70;74
E Half-Dim7 Chord, 1st Inversion, 40;52;67;70;74;76
E Half-Dim7 Chord, 2nd Inversion, 40;52;70;74;76;79
E Half-Dim7 Chord, Drop 2, 40;52;58;64;67;74
E Min(Maj7) Chord, Root Position, 40;52;64;67;71;75
E Min(Maj7) Chord, 1st Inversion, 40;52;67;71;75;76
E Min(Maj7) Chord, 2nd Inversion, 40;52;71;75;76;79
E Min(Maj7) Chord, Drop 2, 40;52;59;64;67;75
E Maj6 Chord, Root Position, 40;52;64;68;71;73
E Maj6 Chord, 1st Inversion, 40;52;68;71;73;76
E Maj6 Chord, 2nd Inversion, 40;52;71;73;76;80
E Maj6 Chord, Drop 2, 40;52;59;64;68;73
E Min6 Chord, Root Position, 40;52;64;67;71;73
E Min6 Chord, 1st Inversion, 40;52;67;71;73;76
E Min6 Chord, 2nd Inversion, 40;52;71;73;76;79
E Min6 Chord, Drop 2, 40;52;59;64;67;73
E Add9 Chord, Root Position, 40;52;64;68;71;78
E Add9 Chord, 1st Inversion, 40;52;68;71;78;76
E Add9 Chord, 2nd Inversion, 40;52;71;78;76;80
E Add9 Chord, Drop 2, 40;52;59;64;68;78
E MinAdd9 Chord, Root Position, 40;52;64;67;71;78
E MinAdd9 Chord, 1st Inversion, 40;52;67;71;78;76
E MinAdd9 Chord, 2nd Inversion, 40;52;71;78;76;79
E MinAdd9 Chord, Drop 2, 40;52;59;64;67;78
E 7b5 Chord, Root Position, 40;52;64;68;70;74
E 7b5 Chord, 1st Inversion, 40;52;68;70;74;76
E 7b5 Chord, 2nd Inversion, 40;52;70;74;76;80
E 7b5 Chord, Drop 2, 40;52;58;64;68;74
E 7#5 Chord, Root Position, 40;52;64;68;72;74
E 7#5 Chord, 1st Inversion, 40;52;68;72;74;76
E 7#5 Chord, 2nd Inversion, 40;52;72;74;76;80
E 7#5 Chord, Drop 2, 40;52;60;64;68;74
E Maj9 Chord, Root Position, 40;52;64;68;71;75;78
E Maj9 Chord, 1st Inversion, 40;52;68;71;75;78;76
E Maj9 Chord, 2nd Inversion, 40;52;71;75;78;76;80
E Maj9 Chord, Drop 2, 40;52;63;64;68;71;78
E Min9 Chord, Root Position, 40;52;64;67;71;74;78
E Min9 Chord, 1st Inversion, 40;52;67;71;74;78;76
E Min9 Chord, 2nd Inversion, 40;52;71;74;78;76;79
E Min9 Chord, Drop 2, 40;52;62;64;67;71;78
E Dom9 Chord, Root Position, 40;52;64;68;71;74;78
E Dom9 Chord, 1st Inversion, 40;52;68;71;74;78;76
E Dom9 Chord, 2nd Inversion, 40;52;71;74;78;76;80
E Dom9 Chord, Drop 2, 40;52;62;64;68;71;78
E 7b9 Chord, Root Position, 40;52;64;68;71;74;77
E 7b9 Chord, 1st Inversion, 40;52;68;71;74;77;76
E 7b9 Chord, 2nd Inversion, 40;52;71;74;77;76;80
E 7b9 Chord, Drop 2, 40;52;62;64;68;71;77
E 7#9 Chord, Root Position, 40;52;64;68;71;74;79
E 7#9 Chord, 1st Inversion, 40;52;68;71;74;79;76
E 7#9 Chord, 2nd Inversion, 40;52;71;74;79;76;80
E 7#9 Chord, Drop 2, 40;52;62;64;68;71;79
E 13 Chord, Root Position, 40;52;64;68;71;74;78;85
E 13 Chord, 1st Inversion, 40;52;68;71;74;78;85;76
E 13 Chord, 2nd Inversion, 40;52;71;74;78;85;76;80
E 13 Chord, Drop 2, 40;52;66;64;68;71;74;85
E Min13 Chord, Root Position, 40;52;64;67;71;74;78;85
E Min13 Chord, 1st Inversion, 40;52;67;71;74;78;85;76
E Min13 Chord, 2nd Inversion, 40;52;71;74;78;85;76;79
E Min13 Chord, Drop 2, 40;52;66;64;67;71;74;85
E Major Scale, Block View, 40;52;64;66;68;69;71;73;75;76
E Natural Minor, Block View, 40;52;64;66;67;69;71;72;74;76
E Harmonic Minor, Block View, 40;52;64;66;67;69;71;72;75;76
E Melodic Minor, Block View, 40;52;64;66;67;69;71;73;75;76
E Dorian, Block View, 40;52;64;66;67;69;71;73;74;76
E Phrygian, Block View, 40;52;64;65;67;69;71;72;74;76
E Lydian, Block View, 40;52;64;66;68;70;71;73;75;76
E Mixolydian, Block View, 40;52;64;66;68;69;71;73;74;76
E Locrian, Block View, 40;52;64;65;67;69;70;72;74;76
E Pentatonic Maj, Block View, 40;52;64;66;68;71;73;76
E Pentatonic Min, Block View, 40;52;64;67;69;71;74;76
E Blues, Block View, 40;52;64;67;69;70;71;74;76
E Whole Tone, Block View, 40;52;64;66;68;70;72;74;76
E Diminished (HW), Block View, 40;52;64;65;67;68;70;71;73;74
E Hirajoshi, Block View, 40;52;64;68;69;73;75;76
E Insen, Block View, 40;52;64;65;69;71;74;76
E Neapolitan Maj, Block View, 40;52;64;65;67;69;71;73;75;76
E Enigmatic, Block View, 40;52;64;65;68;70;72;74;75;76
F Major Chord, Root Position, 41;53;65;69;72
F Major Chord, 1st Inversion, 41;53;69;72;77
F Major Chord, 2nd Inversion, 41;53;72;77;81
F Minor Chord, Root Position, 41;53;65;68;72
F Minor Chord, 1st Inversion, 41;53;68;72;77
F Minor Chord, 2nd Inversion, 41;53;72;77;80
F Diminished Chord, Root Position, 41;53;65;68;71
F Diminished Chord, 1st Inversion, 41;53;68;71;77
F Diminished Chord, 2nd Inversion, 41;53;71;77;80
F Augmented Chord, Root Position, 41;53;65;69;73
F Augmented Chord, 1st Inversion, 41;53;69;73;77
F Augmented Chord, 2nd Inversion, 41;53;73;77;81
F Sus2 Chord, Root Position, 41;53;65;67;72
F Sus2 Chord, 1st Inversion, 41;53;67;72;77
F Sus2 Chord, 2nd Inversion, 41;53;72;77;79
F Sus4 Chord, Root Position, 41;53;65;70;72
F Sus4 Chord, 1st Inversion, 41;53;70;72;77
F Sus4 Chord, 2nd Inversion, 41;53;72;77;82
F Maj7 Chord, Root Position, 41;53;65;69;72;76
F Maj7 Chord, 1st Inversion, 41;53;69;72;76;77
F Maj7 Chord, 2nd Inversion, 41;53;72;76;77;81
F Maj7 Chord, Drop 2, 41;53;60;65;69;76
F Min7 Chord, Root Position, 41;53;65;68;72;75
F Min7 Chord, 1st Inversion, 41;53;68;72;75;77
F Min7 Chord, 2nd Inversion, 41;53;72;75;77;80
F Min7 Chord, Drop 2, 41;53;60;65;68;75
F Dom7 Chord, Root Position, 41;53;65;69;72;75
F Dom7 Chord, 1st Inversion, 41;53;69;72;75;77
F Dom7 Chord, 2nd Inversion, 41;53;72;75;77;81
F Dom7 Chord, Drop 2, 41;53;60;65;69;75
F Dim7 Chord, Root Position, 41;53;65;68;71;74
F Dim7 Chord, 1st Inversion, 41;53;68;71;74;77
F Dim7 Chord, 2nd Inversion, 41;53;71;74;77;80
F Dim7 Chord, Drop 2, 41;53;59;65;68;74
F Half-Dim7 Chord, Root Position, 41;53;65;68;71;75
F Half-Dim7 Chord, 1st Inversion, 41;53;68;71;75;77
F Half-Dim7 Chord, 2nd Inversion, 41;53;71;75;77;80
F Half-Dim7 Chord, Drop 2, 41;53;59;65;68;75
F Min(Maj7) Chord, Root Position, 41;53;65;68;72;76
F Min(Maj7) Chord, 1st Inversion, 41;53;68;72;76;77
F Min(Maj7) Chord, 2nd Inversion, 41;53;72;76;77;80
F Min(Maj7) Chord, Drop 2, 41;53;60;65;68;76
F Maj6 Chord, Root Position, 41;53;65;69;72;74
F Maj6 Chord, 1st Inversion, 41;53;69;72;74;77
F Maj6 Chord, 2nd Inversion, 41;53;72;74;77;81
F Maj6 Chord, Drop 2, 41;53;60;65;69;74
F Min6 Chord, Root Position, 41;53;65;68;72;74
F Min6 Chord, 1st Inversion, 41;53;68;72;74;77
F Min6 Chord, 2nd Inversion, 41;53;72;74;77;80
F Min6 Chord, Drop 2, 41;53;60;65;68;74
F Add9 Chord, Root Position, 41;53;65;69;72;79
F Add9 Chord, 1st Inversion, 41;53;69;72;79;77
F Add9 Chord, 2nd Inversion, 41;53;72;79;77;81
F Add9 Chord, Drop 2, 41;53;60;65;69;79
F MinAdd9 Chord, Root Position, 41;53;65;68;72;79
F MinAdd9 Chord, 1st Inversion, 41;53;68;72;79;77
F MinAdd9 Chord, 2nd Inversion, 41;53;72;79;77;80
F MinAdd9 Chord, Drop 2, 41;53;60;65;68;79
F 7b5 Chord, Root Position, 41;53;65;69;71;75
F 7b5 Chord, 1st Inversion, 41;53;69;71;75;77
F 7b5 Chord, 2nd Inversion, 41;53;71;75;77;81
F 7b5 Chord, Drop 2, 41;53;59;65;69;75
F 7#5 Chord, Root Position, 41;53;65;69;73;75
F 7#5 Chord, 1st Inversion, 41;53;69;73;75;77
F 7#5 Chord, 2nd Inversion, 41;53;73;75;77;81
F 7#5 Chord, Drop 2, 41;53;61;65;69;75
F Maj9 Chord, Root Position, 41;53;65;69;72;76;79
F Maj9 Chord, 1st Inversion, 41;53;69;72;76;79;77
F Maj9 Chord, 2nd Inversion, 41;53;72;76;79;77;81
F Maj9 Chord, Drop 2, 41;53;64;65;69;72;79
F Min9 Chord, Root Position, 41;53;65;68;72;75;79
F Min9 Chord, 1st Inversion, 41;53;68;72;75;79;77
F Min9 Chord, 2nd Inversion, 41;53;72;75;79;77;80
F Min9 Chord, Drop 2, 41;53;63;65;68;72;79
F Dom9 Chord, Root Position, 41;53;65;69;72;75;79
F Dom9 Chord, 1st Inversion, 41;53;69;72;75;79;77
F Dom9 Chord, 2nd Inversion, 41;53;72;75;79;77;81
F Dom9 Chord, Drop 2, 41;53;63;65;69;72;79
F 7b9 Chord, Root Position, 41;53;65;69;72;75;78
F 7b9 Chord, 1st Inversion, 41;53;69;72;75;78;77
F 7b9 Chord, 2nd Inversion, 41;53;72;75;78;77;81
F 7b9 Chord, Drop 2, 41;53;63;65;69;72;78
F 7#9 Chord, Root Position, 41;53;65;69;72;75;80
F 7#9 Chord, 1st Inversion, 41;53;69;72;75;80;77
F 7#9 Chord, 2nd Inversion, 41;53;72;75;80;77;81
F 7#9 Chord, Drop 2, 41;53;63;65;69;72;80
F 13 Chord, Root Position, 41;53;65;69;72;75;79;86
F 13 Chord, 1st Inversion, 41;53;69;72;75;79;86;77
F 13 Chord, 2nd Inversion, 41;53;72;75;79;86;77;81
F 13 Chord, Drop 2, 41;53;67;65;69;72;75;86
F Min13 Chord, Root Position, 41;53;65;68;72;75;79;86
F Min13 Chord, 1st Inversion, 41;53;68;72;75;79;86;77
F Min13 Chord, 2nd Inversion, 41;53;72;75;79;86;77;80
F Min13 Chord, Drop 2, 41;53;67;65;68;72;75;86
F Major Scale, Block View, 41;53;65;67;69;70;72;74;76;77
F Natural Minor, Block View, 41;53;65;67;68;70;72;73;75;77
F Harmonic Minor, Block View, 41;53;65;67;68;70;72;73;76;77
F Melodic Minor, Block View, 41;53;65;67;68;70;72;74;76;77
F Dorian, Block View, 41;53;65;67;68;70;72;74;75;77
F Phrygian, Block View, 41;53;65;66;68;70;72;73;75;77
F Lydian, Block View, 41;53;65;67;69;71;72;74;76;77
F Mixolydian, Block View, 41;53;65;67;69;70;72;74;75;77
F Locrian, Block View, 41;53;65;66;68;70;71;73;75;77
F Pentatonic Maj, Block View, 41;53;65;67;69;72;74;77
F Pentatonic Min, Block View, 41;53;65;68;70;72;75;77
F Blues, Block View, 41;53;65;68;70;71;72;75;77
F Whole Tone, Block View, 41;53;65;67;69;71;73;75;77
F Diminished (HW), Block View, 41;53;65;66;68;69;71;72;74;75
F Hirajoshi, Block View, 41;53;65;69;70;74;76;77
F Insen, Block View, 41;53;65;66;70;72;75;77
F Neapolitan Maj, Block View, 41;53;65;66;68;70;72;74;76;77
F Enigmatic, Block View, 41;53;65;66;69;71;73;75;76;77
F# Major Chord, Root Position, 42;54;66;70;73
F# Major Chord, 1st Inversion, 42;54;70;73;78
F# Major Chord, 2nd Inversion, 42;54;73;78;82
F# Minor Chord, Root Position, 42;54;66;69;73
F# Minor Chord, 1st Inversion, 42;54;69;73;78
F# Minor Chord, 2nd Inversion, 42;54;73;78;81
F# Diminished Chord, Root Position, 42;54;66;69;72
F# Diminished Chord, 1st Inversion, 42;54;69;72;78
F# Diminished Chord, 2nd Inversion, 42;54;72;78;81
F# Augmented Chord, Root Position, 42;54;66;70;74
F# Augmented Chord, 1st Inversion, 42;54;70;74;78
F# Augmented Chord, 2nd Inversion, 42;54;74;78;82
F# Sus2 Chord, Root Position, 42;54;66;68;73
F# Sus2 Chord, 1st Inversion, 42;54;68;73;78
F# Sus2 Chord, 2nd Inversion, 42;54;73;78;80
F# Sus4 Chord, Root Position, 42;54;66;71;73
F# Sus4 Chord, 1st Inversion, 42;54;71;73;78
F# Sus4 Chord, 2nd Inversion, 42;54;73;78;83
F# Maj7 Chord, Root Position, 42;54;66;70;73;77
F# Maj7 Chord, 1st Inversion, 42;54;70;73;77;78
F# Maj7 Chord, 2nd Inversion, 42;54;73;77;78;82
F# Maj7 Chord, Drop 2, 42;54;61;66;70;77
F# Min7 Chord, Root Position, 42;54;66;69;73;76
F# Min7 Chord, 1st Inversion, 42;54;69;73;76;78
F# Min7 Chord, 2nd Inversion, 42;54;73;76;78;81
F# Min7 Chord, Drop 2, 42;54;61;66;69;76
F# Dom7 Chord, Root Position, 42;54;66;70;73;76
F# Dom7 Chord, 1st Inversion, 42;54;70;73;76;78
F# Dom7 Chord, 2nd Inversion, 42;54;73;76;78;82
F# Dom7 Chord, Drop 2, 42;54;61;66;70;76
F# Dim7 Chord, Root Position, 42;54;66;69;72;75
F# Dim7 Chord, 1st Inversion, 42;54;69;72;75;78
F# Dim7 Chord, 2nd Inversion, 42;54;72;75;78;81
F# Dim7 Chord, Drop 2, 42;54;60;66;69;75
F# Half-Dim7 Chord, Root Position, 42;54;66;69;72;76
F# Half-Dim7 Chord, 1st Inversion, 42;54;69;72;76;78
F# Half-Dim7 Chord, 2nd Inversion, 42;54;72;76;78;81
F# Half-Dim7 Chord, Drop 2, 42;54;60;66;69;76
F# Min(Maj7) Chord, Root Position, 42;54;66;69;73;77
F# Min(Maj7) Chord, 1st Inversion, 42;54;69;73;77;78
F# Min(Maj7) Chord, 2nd Inversion, 42;54;73;77;78;81
F# Min(Maj7) Chord, Drop 2, 42;54;61;66;69;77
F# Maj6 Chord, Root Position, 42;54;66;70;73;75
F# Maj6 Chord, 1st Inversion, 42;54;70;73;75;78
F# Maj6 Chord, 2nd Inversion, 42;54;73;75;78;82
F# Maj6 Chord, Drop 2, 42;54;61;66;70;75
F# Min6 Chord, Root Position, 42;54;66;69;73;75
F# Min6 Chord, 1st Inversion, 42;54;69;73;75;78
F# Min6 Chord, 2nd Inversion, 42;54;73;75;78;81
F# Min6 Chord, Drop 2, 42;54;61;66;69;75
F# Add9 Chord, Root Position, 42;54;66;70;73;80
F# Add9 Chord, 1st Inversion, 42;54;70;73;80;78
F# Add9 Chord, 2nd Inversion, 42;54;73;80;78;82
F# Add9 Chord, Drop 2, 42;54;61;66;70;80
F# MinAdd9 Chord, Root Position, 42;54;66;69;73;80
F# MinAdd9 Chord, 1st Inversion, 42;54;69;73;80;78
F# MinAdd9 Chord, 2nd Inversion, 42;54;73;80;78;81
F# MinAdd9 Chord, Drop 2, 42;54;61;66;69;80
F# 7b5 Chord, Root Position, 42;54;66;70;72;76
F# 7b5 Chord, 1st Inversion, 42;54;70;72;76;78
F# 7b5 Chord, 2nd Inversion, 42;54;72;76;78;82
F# 7b5 Chord, Drop 2, 42;54;60;66;70;76
F# 7#5 Chord, Root Position, 42;54;66;70;74;76
F# 7#5 Chord, 1st Inversion, 42;54;70;74;76;78
F# 7#5 Chord, 2nd Inversion, 42;54;74;76;78;82
F# 7#5 Chord, Drop 2, 42;54;62;66;70;76
F# Maj9 Chord, Root Position, 42;54;66;70;73;77;80
F# Maj9 Chord, 1st Inversion, 42;54;70;73;77;80;78
F# Maj9 Chord, 2nd Inversion, 42;54;73;77;80;78;82
F# Maj9 Chord, Drop 2, 42;54;65;66;70;73;80
F# Min9 Chord, Root Position, 42;54;66;69;73;76;80
F# Min9 Chord, 1st Inversion, 42;54;69;73;76;80;78
F# Min9 Chord, 2nd Inversion, 42;54;73;76;80;78;81
F# Min9 Chord, Drop 2, 42;54;64;66;69;73;80
F# Dom9 Chord, Root Position, 42;54;66;70;73;76;80
F# Dom9 Chord, 1st Inversion, 42;54;70;73;76;80;78
F# Dom9 Chord, 2nd Inversion, 42;54;73;76;80;78;82
F# Dom9 Chord, Drop 2, 42;54;64;66;70;73;80
F# 7b9 Chord, Root Position, 42;54;66;70;73;76;79
F# 7b9 Chord, 1st Inversion, 42;54;70;73;76;79;78
F# 7b9 Chord, 2nd Inversion, 42;54;73;76;79;78;82
F# 7b9 Chord, Drop 2, 42;54;64;66;70;73;79
F# 7#9 Chord, Root Position, 42;54;66;70;73;76;81
F# 7#9 Chord, 1st Inversion, 42;54;70;73;76;81;78
F# 7#9 Chord, 2nd Inversion, 42;54;73;76;81;78;82
F# 7#9 Chord, Drop 2, 42;54;64;66;70;73;81
F# 13 Chord, Root Position, 42;54;66;70;73;76;80;87
F# 13 Chord, 1st Inversion, 42;54;70;73;76;80;87;78
F# 13 Chord, 2nd Inversion, 42;54;73;76;80;87;78;82
F# 13 Chord, Drop 2, 42;54;68;66;70;73;76;87
F# Min13 Chord, Root Position, 42;54;66;69;73;76;80;87
F# Min13 Chord, 1st Inversion, 42;54;69;73;76;80;87;78
F# Min13 Chord, 2nd Inversion, 42;54;73;76;80;87;78;81
F# Min13 Chord, Drop 2, 42;54;68;66;69;73;76;87
F# Major Scale, Block View, 42;54;66;68;70;71;73;75;77;78
F# Natural Minor, Block View, 42;54;66;68;69;71;73;74;76;78
F# Harmonic Minor, Block View, 42;54;66;68;69;71;73;74;77;78
F# Melodic Minor, Block View, 42;54;66;68;69;71;73;75;77;78
F# Dorian, Block View, 42;54;66;68;69;71;73;75;76;78
F# Phrygian, Block View, 42;54;66;67;69;71;73;74;76;78
F# Lydian, Block View, 42;54;66;68;70;72;73;75;77;78
F# Mixolydian, Block View, 42;54;66;68;70;71;73;75;76;78
F# Locrian, Block View, 42;54;66;67;69;71;72;74;76;78
F# Pentatonic Maj, Block View, 42;54;66;68;70;73;75;78
F# Pentatonic Min, Block View, 42;54;66;69;71;73;76;78
F# Blues, Block View, 42;54;66;69;71;72;73;76;78
F# Whole Tone, Block View, 42;54;66;68;70;72;74;76;78
F# Diminished (HW), Block View, 42;54;66;67;69;70;72;73;75;76
F# Hirajoshi, Block View, 42;54;66;70;71;75;77;78
F# Insen, Block View, 42;54;66;67;71;73;76;78
F# Neapolitan Maj, Block View, 42;54;66;67;69;71;73;75;77;78
F# Enigmatic, Block View, 42;54;66;67;70;72;74;76;77;78
G Major Chord, Root Position, 43;55;67;71;74
G Major Chord, 1st Inversion, 43;55;71;74;79
G Major Chord, 2nd Inversion, 43;55;74;79;83
G Minor Chord, Root Position, 43;55;67;70;74
G Minor Chord, 1st Inversion, 43;55;70;74;79
G Minor Chord, 2nd Inversion, 43;55;74;79;82
G Diminished Chord, Root Position, 43;55;67;70;73
G Diminished Chord, 1st Inversion, 43;55;70;73;79
G Diminished Chord, 2nd Inversion, 43;55;73;79;82
G Augmented Chord, Root Position, 43;55;67;71;75
G Augmented Chord, 1st Inversion, 43;55;71;75;79
G Augmented Chord, 2nd Inversion, 43;55;75;79;83
G Sus2 Chord, Root Position, 43;55;67;69;74
G Sus2 Chord, 1st Inversion, 43;55;69;74;79
G Sus2 Chord, 2nd Inversion, 43;55;74;79;81
G Sus4 Chord, Root Position, 43;55;67;72;74
G Sus4 Chord, 1st Inversion, 43;55;72;74;79
G Sus4 Chord, 2nd Inversion, 43;55;74;79;84
G Maj7 Chord, Root Position, 43;55;67;71;74;78
G Maj7 Chord, 1st Inversion, 43;55;71;74;78;79
G Maj7 Chord, 2nd Inversion, 43;55;74;78;79;83
G Maj7 Chord, Drop 2, 43;55;62;67;71;78
G Min7 Chord, Root Position, 43;55;67;70;74;77
G Min7 Chord, 1st Inversion, 43;55;70;74;77;79
G Min7 Chord, 2nd Inversion, 43;55;74;77;79;82
G Min7 Chord, Drop 2, 43;55;62;67;70;77
G Dom7 Chord, Root Position, 43;55;67;71;74;77
G Dom7 Chord, 1st Inversion, 43;55;71;74;77;79
G Dom7 Chord, 2nd Inversion, 43;55;74;77;79;83
G Dom7 Chord, Drop 2, 43;55;62;67;71;77
G Dim7 Chord, Root Position, 43;55;67;70;73;76
G Dim7 Chord, 1st Inversion, 43;55;70;73;76;79
G Dim7 Chord, 2nd Inversion, 43;55;73;76;79;82
G Dim7 Chord, Drop 2, 43;55;61;67;70;76
G Half-Dim7 Chord, Root Position, 43;55;67;70;73;77
G Half-Dim7 Chord, 1st Inversion, 43;55;70;73;77;79
G Half-Dim7 Chord, 2nd Inversion, 43;55;73;77;79;82
G Half-Dim7 Chord, Drop 2, 43;55;61;67;70;77
G Min(Maj7) Chord, Root Position, 43;55;67;70;74;78
G Min(Maj7) Chord, 1st Inversion, 43;55;70;74;78;79
G Min(Maj7) Chord, 2nd Inversion, 43;55;74;78;79;82
G Min(Maj7) Chord, Drop 2, 43;55;62;67;70;78
G Maj6 Chord, Root Position, 43;55;67;71;74;76
G Maj6 Chord, 1st Inversion, 43;55;71;74;76;79
G Maj6 Chord, 2nd Inversion, 43;55;74;76;79;83
G Maj6 Chord, Drop 2, 43;55;62;67;71;76
G Min6 Chord, Root Position, 43;55;67;70;74;76
G Min6 Chord, 1st Inversion, 43;55;70;74;76;79
G Min6 Chord, 2nd Inversion, 43;55;74;76;79;82
G Min6 Chord, Drop 2, 43;55;62;67;70;76
G Add9 Chord, Root Position, 43;55;67;71;74;81
G Add9 Chord, 1st Inversion, 43;55;71;74;81;79
G Add9 Chord, 2nd Inversion, 43;55;74;81;79;83
G Add9 Chord, Drop 2, 43;55;62;67;71;81
G MinAdd9 Chord, Root Position, 43;55;67;70;74;81
G MinAdd9 Chord, 1st Inversion, 43;55;70;74;81;79
G MinAdd9 Chord, 2nd Inversion, 43;55;74;81;79;82
G MinAdd9 Chord, Drop 2, 43;55;62;67;70;81
G 7b5 Chord, Root Position, 43;55;67;71;73;77
G 7b5 Chord, 1st Inversion, 43;55;71;73;77;79
G 7b5 Chord, 2nd Inversion, 43;55;73;77;79;83
G 7b5 Chord, Drop 2, 43;55;61;67;71;77
G 7#5 Chord, Root Position, 43;55;67;71;75;77
G 7#5 Chord, 1st Inversion, 43;55;71;75;77;79
G 7#5 Chord, 2nd Inversion, 43;55;75;77;79;83
G 7#5 Chord, Drop 2, 43;55;63;67;71;77
G Maj9 Chord, Root Position, 43;55;67;71;74;78;81
G Maj9 Chord, 1st Inversion, 43;55;71;74;78;81;79
G Maj9 Chord, 2nd Inversion, 43;55;74;78;81;79;83
G Maj9 Chord, Drop 2, 43;55;66;67;71;74;81
G Min9 Chord, Root Position, 43;55;67;70;74;77;81
G Min9 Chord, 1st Inversion, 43;55;70;74;77;81;79
G Min9 Chord, 2nd Inversion, 43;55;74;77;81;79;82
G Min9 Chord, Drop 2, 43;55;65;67;70;74;81
G Dom9 Chord, Root Position, 43;55;67;71;74;77;81
G Dom9 Chord, 1st Inversion, 43;55;71;74;77;81;79
G Dom9 Chord, 2nd Inversion, 43;55;74;77;81;79;83
G Dom9 Chord, Drop 2, 43;55;65;67;71;74;81
G 7b9 Chord, Root Position, 43;55;67;71;74;77;80
G 7b9 Chord, 1st Inversion, 43;55;71;74;77;80;79
G 7b9 Chord, 2nd Inversion, 43;55;74;77;80;79;83
G 7b9 Chord, Drop 2, 43;55;65;67;71;74;80
G 7#9 Chord, Root Position, 43;55;67;71;74;77;82
G 7#9 Chord, 1st Inversion, 43;55;71;74;77;82;79
G 7#9 Chord, 2nd Inversion, 43;55;74;77;82;79;83
G 7#9 Chord, Drop 2, 43;55;65;67;71;74;82
G 13 Chord, Root Position, 43;55;67;71;74;77;81;88
G 13 Chord, 1st Inversion, 43;55;71;74;77;81;88;79
G 13 Chord, 2nd Inversion, 43;55;74;77;81;88;79;83
G 13 Chord, Drop 2, 43;55;69;67;71;74;77;88
G Min13 Chord, Root Position, 43;55;67;70;74;77;81;88
G Min13 Chord, 1st Inversion, 43;55;70;74;77;81;88;79
G Min13 Chord, 2nd Inversion, 43;55;74;77;81;88;79;82
G Min13 Chord, Drop 2, 43;55;69;67;70;74;77;88
G Major Scale, Block View, 43;55;67;69;71;72;74;76;78;79
G Natural Minor, Block View, 43;55;67;69;70;72;74;75;77;79
G Harmonic Minor, Block View, 43;55;67;69;70;72;74;75;78;79
G Melodic Minor, Block View, 43;55;67;69;70;72;74;76;78;79
G Dorian, Block View, 43;55;67;69;70;72;74;76;77;79
G Phrygian, Block View, 43;55;67;68;70;72;74;75;77;79
G Lydian, Block View, 43;55;67;69;71;73;74;76;78;79
G Mixolydian, Block View, 43;55;67;69;71;72;74;76;77;79
G Locrian, Block View, 43;55;67;68;70;72;73;75;77;79
G Pentatonic Maj, Block View, 43;55;67;69;71;74;76;79
G Pentatonic Min, Block View, 43;55;67;70;72;74;77;79
G Blues, Block View, 43;55;67;70;72;73;74;77;79
G Whole Tone, Block View, 43;55;67;69;71;73;75;77;79
G Diminished (HW), Block View, 43;55;67;68;70;71;73;74;76;77
G Hirajoshi, Block View, 43;55;67;71;72;76;78;79
G Insen, Block View, 43;55;67;68;72;74;77;79
G Neapolitan Maj, Block View, 43;55;67;68;70;72;74;76;78;79
G Enigmatic, Block View, 43;55;67;68;71;73;75;77;78;79
Ab Major Chord, Root Position, 44;56;68;72;75
Ab Major Chord, 1st Inversion, 44;56;72;75;80
Ab Major Chord, 2nd Inversion, 44;56;75;80;84
Ab Minor Chord, Root Position, 44;56;68;71;75
Ab Minor Chord, 1st Inversion, 44;56;71;75;80
Ab Minor Chord, 2nd Inversion, 44;56;75;80;83
Ab Diminished Chord, Root Position, 44;56;68;71;74
Ab Diminished Chord, 1st Inversion, 44;56;71;74;80
Ab Diminished Chord, 2nd Inversion, 44;56;74;80;83
Ab Augmented Chord, Root Position, 44;56;68;72;76
Ab Augmented Chord, 1st Inversion, 44;56;72;76;80
Ab Augmented Chord, 2nd Inversion, 44;56;76;80;84
Ab Sus2 Chord, Root Position, 44;56;68;70;75
Ab Sus2 Chord, 1st Inversion, 44;56;70;75;80
Ab Sus2 Chord, 2nd Inversion, 44;56;75;80;82
Ab Sus4 Chord, Root Position, 44;56;68;73;75
Ab Sus4 Chord, 1st Inversion, 44;56;73;75;80
Ab Sus4 Chord, 2nd Inversion, 44;56;75;80;85
Ab Maj7 Chord, Root Position, 44;56;68;72;75;79
Ab Maj7 Chord, 1st Inversion, 44;56;72;75;79;80
Ab Maj7 Chord, 2nd Inversion, 44;56;75;79;80;84
Ab Maj7 Chord, Drop 2, 44;56;63;68;72;79
Ab Min7 Chord, Root Position, 44;56;68;71;75;78
Ab Min7 Chord, 1st Inversion, 44;56;71;75;78;80
Ab Min7 Chord, 2nd Inversion, 44;56;75;78;80;83
Ab Min7 Chord, Drop 2, 44;56;63;68;71;78
Ab Dom7 Chord, Root Position, 44;56;68;72;75;78
Ab Dom7 Chord, 1st Inversion, 44;56;72;75;78;80
Ab Dom7 Chord, 2nd Inversion, 44;56;75;78;80;84
Ab Dom7 Chord, Drop 2, 44;56;63;68;72;78
Ab Dim7 Chord, Root Position, 44;56;68;71;74;77
Ab Dim7 Chord, 1st Inversion, 44;56;71;74;77;80
Ab Dim7 Chord, 2nd Inversion, 44;56;74;77;80;83
Ab Dim7 Chord, Drop 2, 44;56;62;68;71;77
Ab Half-Dim7 Chord, Root Position, 44;56;68;71;74;78
Ab Half-Dim7 Chord, 1st Inversion, 44;56;71;74;78;80
Ab Half-Dim7 Chord, 2nd Inversion, 44;56;74;78;80;83
Ab Half-Dim7 Chord, Drop 2, 44;56;62;68;71;78
Ab Min(Maj7) Chord, Root Position, 44;56;68;71;75;79
Ab Min(Maj7) Chord, 1st Inversion, 44;56;71;75;79;80
Ab Min(Maj7) Chord, 2nd Inversion, 44;56;75;79;80;83
Ab Min(Maj7) Chord, Drop 2, 44;56;63;68;71;79
Ab Maj6 Chord, Root Position, 44;56;68;72;75;77
Ab Maj6 Chord, 1st Inversion, 44;56;72;75;77;80
Ab Maj6 Chord, 2nd Inversion, 44;56;75;77;80;84
Ab Maj6 Chord, Drop 2, 44;56;63;68;72;77
Ab Min6 Chord, Root Position, 44;56;68;71;75;77
Ab Min6 Chord, 1st Inversion, 44;56;71;75;77;80
Ab Min6 Chord, 2nd Inversion, 44;56;75;77;80;83
Ab Min6 Chord, Drop 2, 44;56;63;68;71;77
Ab Add9 Chord, Root Position, 44;56;68;72;75;82
Ab Add9 Chord, 1st Inversion, 44;56;72;75;82;80
Ab Add9 Chord, 2nd Inversion, 44;56;75;82;80;84
Ab Add9 Chord, Drop 2, 44;56;63;68;72;82
Ab MinAdd9 Chord, Root Position, 44;56;68;71;75;82
Ab MinAdd9 Chord, 1st Inversion, 44;56;71;75;82;80
Ab MinAdd9 Chord, 2nd Inversion, 44;56;75;82;80;83
Ab MinAdd9 Chord, Drop 2, 44;56;63;68;71;82
Ab 7b5 Chord, Root Position, 44;56;68;72;74;78
Ab 7b5 Chord, 1st Inversion, 44;56;72;74;78;80
Ab 7b5 Chord, 2nd Inversion, 44;56;74;78;80;84
Ab 7b5 Chord, Drop 2, 44;56;62;68;72;78
Ab 7#5 Chord, Root Position, 44;56;68;72;76;78
Ab 7#5 Chord, 1st Inversion, 44;56;72;76;78;80
Ab 7#5 Chord, 2nd Inversion, 44;56;76;78;80;84
Ab 7#5 Chord, Drop 2, 44;56;64;68;72;78
Ab Maj9 Chord, Root Position, 44;56;68;72;75;79;82
Ab Maj9 Chord, 1st Inversion, 44;56;72;75;79;82;80
Ab Maj9 Chord, 2nd Inversion, 44;56;75;79;82;80;84
Ab Maj9 Chord, Drop 2, 44;56;67;68;72;75;82
Ab Min9 Chord, Root Position, 44;56;68;71;75;78;82
Ab Min9 Chord, 1st Inversion, 44;56;71;75;78;82;80
Ab Min9 Chord, 2nd Inversion, 44;56;75;78;82;80;83
Ab Min9 Chord, Drop 2, 44;56;66;68;71;75;82
Ab Dom9 Chord, Root Position, 44;56;68;72;75;78;82
Ab Dom9 Chord, 1st Inversion, 44;56;72;75;78;82;80
Ab Dom9 Chord, 2nd Inversion, 44;56;75;78;82;80;84
Ab Dom9 Chord, Drop 2, 44;56;66;68;72;75;82
Ab 7b9 Chord, Root Position, 44;56;68;72;75;78;81
Ab 7b9 Chord, 1st Inversion, 44;56;72;75;78;81;80
Ab 7b9 Chord, 2nd Inversion, 44;56;75;78;81;80;84
Ab 7b9 Chord, Drop 2, 44;56;66;68;72;75;81
Ab 7#9 Chord, Root Position, 44;56;68;72;75;78;83
Ab 7#9 Chord, 1st Inversion, 44;56;72;75;78;83;80
Ab 7#9 Chord, 2nd Inversion, 44;56;75;78;83;80;84
Ab 7#9 Chord, Drop 2, 44;56;66;68;72;75;83
Ab 13 Chord, Root Position, 44;56;68;72;75;78;82;89
Ab 13 Chord, 1st Inversion, 44;56;72;75;78;82;89;80
Ab 13 Chord, 2nd Inversion, 44;56;75;78;82;89;80;84
Ab 13 Chord, Drop 2, 44;56;70;68;72;75;78;89
Ab Min13 Chord, Root Position, 44;56;68;71;75;78;82;89
Ab Min13 Chord, 1st Inversion, 44;56;71;75;78;82;89;80
Ab Min13 Chord, 2nd Inversion, 44;56;75;78;82;89;80;83
Ab Min13 Chord, Drop 2, 44;56;70;68;71;75;78;89
Ab Major Scale, Block View, 44;56;68;70;72;73;75;77;79;80
Ab Natural Minor, Block View, 44;56;68;70;71;73;75;76;78;80
Ab Harmonic Minor, Block View, 44;56;68;70;71;73;75;76;79;80
Ab Melodic Minor, Block View, 44;56;68;70;71;73;75;77;79;80
Ab Dorian, Block View, 44;56;68;70;71;73;75;77;78;80
Ab Phrygian, Block View, 44;56;68;69;71;73;75;76;78;80
Ab Lydian, Block View, 44;56;68;70;72;74;75;77;79;80
Ab Mixolydian, Block View, 44;56;68;70;72;73;75;77;78;80
Ab Locrian, Block View, 44;56;68;69;71;73;74;76;78;80
Ab Pentatonic Maj, Block View, 44;56;68;70;72;75;77;80
Ab Pentatonic Min, Block View, 44;56;68;71;73;75;78;80
Ab Blues, Block View, 44;56;68;71;73;74;75;78;80
Ab Whole Tone, Block View, 44;56;68;70;72;74;76;78;80
Ab Diminished (HW), Block View, 44;56;68;69;71;72;74;75;77;78
Ab Hirajoshi, Block View, 44;56;68;72;73;77;79;80
Ab Insen, Block View, 44;56;68;69;73;75;78;80
Ab Neapolitan Maj, Block View, 44;56;68;69;71;73;75;77;79;80
Ab Enigmatic, Block View, 44;56;68;69;72;74;76;78;79;80
A Major Chord, Root Position, 45;57;69;73;76
A Major Chord, 1st Inversion, 45;57;73;76;81
A Major Chord, 2nd Inversion, 45;57;76;81;85
A Minor Chord, Root Position, 45;57;69;72;76
A Minor Chord, 1st Inversion, 45;57;72;76;81
A Minor Chord, 2nd Inversion, 45;57;76;81;84
A Diminished Chord, Root Position, 45;57;69;72;75
A Diminished Chord, 1st Inversion, 45;57;72;75;81
A Diminished Chord, 2nd Inversion, 45;57;75;81;84
A Augmented Chord, Root Position, 45;57;69;73;77
A Augmented Chord, 1st Inversion, 45;57;73;77;81
A Augmented Chord, 2nd Inversion, 45;57;77;81;85
A Sus2 Chord, Root Position, 45;57;69;71;76
A Sus2 Chord, 1st Inversion, 45;57;71;76;81
A Sus2 Chord, 2nd Inversion, 45;57;76;81;83
A Sus4 Chord, Root Position, 45;57;69;74;76
A Sus4 Chord, 1st Inversion, 45;57;74;76;81
A Sus4 Chord, 2nd Inversion, 45;57;76;81;86
A Maj7 Chord, Root Position, 45;57;69;73;76;80
A Maj7 Chord, 1st Inversion, 45;57;73;76;80;81
A Maj7 Chord, 2nd Inversion, 45;57;76;80;81;85
A Maj7 Chord, Drop 2, 45;57;64;69;73;80
A Min7 Chord, Root Position, 45;57;69;72;76;79
A Min7 Chord, 1st Inversion, 45;57;72;76;79;81
A Min7 Chord, 2nd Inversion, 45;57;76;79;81;84
A Min7 Chord, Drop 2, 45;57;64;69;72;79
A Dom7 Chord, Root Position, 45;57;69;73;76;79
A Dom7 Chord, 1st Inversion, 45;57;73;76;79;81
A Dom7 Chord, 2nd Inversion, 45;57;76;79;81;85
A Dom7 Chord, Drop 2, 45;57;64;69;73;79
A Dim7 Chord, Root Position, 45;57;69;72;75;78
A Dim7 Chord, 1st Inversion, 45;57;72;75;78;81
A Dim7 Chord, 2nd Inversion, 45;57;75;78;81;84
A Dim7 Chord, Drop 2, 45;57;63;69;72;78
A Half-Dim7 Chord, Root Position, 45;57;69;72;75;79
A Half-Dim7 Chord, 1st Inversion, 45;57;72;75;79;81
A Half-Dim7 Chord, 2nd Inversion, 45;57;75;79;81;84
A Half-Dim7 Chord, Drop 2, 45;57;63;69;72;79
A Min(Maj7) Chord, Root Position, 45;57;69;72;76;80
A Min(Maj7) Chord, 1st Inversion, 45;57;72;76;80;81
A Min(Maj7) Chord, 2nd Inversion, 45;57;76;80;81;84
A Min(Maj7) Chord, Drop 2, 45;57;64;69;72;80
A Maj6 Chord, Root Position, 45;57;69;73;76;78
A Maj6 Chord, 1st Inversion, 45;57;73;76;78;81
A Maj6 Chord, 2nd Inversion, 45;57;76;78;81;85
A Maj6 Chord, Drop 2, 45;57;64;69;73;78
A Min6 Chord, Root Position, 45;57;69;72;76;78
A Min6 Chord, 1st Inversion, 45;57;72;76;78;81
A Min6 Chord, 2nd Inversion, 45;57;76;78;81;84
A Min6 Chord, Drop 2, 45;57;64;69;72;78
A Add9 Chord, Root Position, 45;57;69;73;76;83
A Add9 Chord, 1st Inversion, 45;57;73;76;83;81
A Add9 Chord, 2nd Inversion, 45;57;76;83;81;85
A Add9 Chord, Drop 2, 45;57;64;69;73;83
A MinAdd9 Chord, Root Position, 45;57;69;72;76;83
A MinAdd9 Chord, 1st Inversion, 45;57;72;76;83;81
A MinAdd9 Chord, 2nd Inversion, 45;57;76;83;81;84
A MinAdd9 Chord, Drop 2, 45;57;64;69;72;83
A 7b5 Chord, Root Position, 45;57;69;73;75;79
A 7b5 Chord, 1st Inversion, 45;57;73;75;79;81
A 7b5 Chord, 2nd Inversion, 45;57;75;79;81;85
A 7b5 Chord, Drop 2, 45;57;63;69;73;79
A 7#5 Chord, Root Position, 45;57;69;73;77;79
A 7#5 Chord, 1st Inversion, 45;57;73;77;79;81
A 7#5 Chord, 2nd Inversion, 45;57;77;79;81;85
A 7#5 Chord, Drop 2, 45;57;65;69;73;79
A Maj9 Chord, Root Position, 45;57;69;73;76;80;83
A Maj9 Chord, 1st Inversion, 45;57;73;76;80;83;81
A Maj9 Chord, 2nd Inversion, 45;57;76;80;83;81;85
A Maj9 Chord, Drop 2, 45;57;68;69;73;76;83
A Min9 Chord, Root Position, 45;57;69;72;76;79;83
A Min9 Chord, 1st Inversion, 45;57;72;76;79;83;81
A Min9 Chord, 2nd Inversion, 45;57;76;79;83;81;84
A Min9 Chord, Drop 2, 45;57;67;69;72;76;83
A Dom9 Chord, Root Position, 45;57;69;73;76;79;83
A Dom9 Chord, 1st Inversion, 45;57;73;76;79;83;81
A Dom9 Chord, 2nd Inversion, 45;57;76;79;83;81;85
A Dom9 Chord, Drop 2, 45;57;67;69;73;76;83
A 7b9 Chord, Root Position, 45;57;69;73;76;79;82
A 7b9 Chord, 1st Inversion, 45;57;73;76;79;82;81
A 7b9 Chord, 2nd Inversion, 45;57;76;79;82;81;85
A 7b9 Chord, Drop 2, 45;57;67;69;73;76;82
A 7#9 Chord, Root Position, 45;57;69;73;76;79;84
A 7#9 Chord, 1st Inversion, 45;57;73;76;79;84;81
A 7#9 Chord, 2nd Inversion, 45;57;76;79;84;81;85
A 7#9 Chord, Drop 2, 45;57;67;69;73;76;84
A 13 Chord, Root Position, 45;57;69;73;76;79;83;90
A 13 Chord, 1st Inversion, 45;57;73;76;79;83;90;81
A 13 Chord, 2nd Inversion, 45;57;76;79;83;90;81;85
A 13 Chord, Drop 2, 45;57;71;69;73;76;79;90
A Min13 Chord, Root Position, 45;57;69;72;76;79;83;90
A Min13 Chord, 1st Inversion, 45;57;72;76;79;83;90;81
A Min13 Chord, 2nd Inversion, 45;57;76;79;83;90;81;84
A Min13 Chord, Drop 2, 45;57;71;69;72;76;79;90
A Major Scale, Block View, 45;57;69;71;73;74;76;78;80;81
A Natural Minor, Block View, 45;57;69;71;72;74;76;77;79;81
A Harmonic Minor, Block View, 45;57;69;71;72;74;76;77;80;81
A Melodic Minor, Block View, 45;57;69;71;72;74;76;78;80;81
A Dorian, Block View, 45;57;69;71;72;74;76;78;79;81
A Phrygian, Block View, 45;57;69;70;72;74;76;77;79;81
A Lydian, Block View, 45;57;69;71;73;75;76;78;80;81
A Mixolydian, Block View, 45;57;69;71;73;74;76;78;79;81
A Locrian, Block View, 45;57;69;70;72;74;75;77;79;81
A Pentatonic Maj, Block View, 45;57;69;71;73;76;78;81
A Pentatonic Min, Block View, 45;57;69;72;74;76;79;81
A Blues, Block View, 45;57;69;72;74;75;76;79;81
A Whole Tone, Block View, 45;57;69;71;73;75;77;79;81
A Diminished (HW), Block View, 45;57;69;70;72;73;75;76;78;79
A Hirajoshi, Block View, 45;57;69;73;74;78;80;81
A Insen, Block View, 45;57;69;70;74;76;79;81
A Neapolitan Maj, Block View, 45;57;69;70;72;74;76;78;80;81
A Enigmatic, Block View, 45;57;69;70;73;75;77;79;80;81
Bb Major Chord, Root Position, 46;58;70;74;77
Bb Major Chord, 1st Inversion, 46;58;74;77;82
Bb Major Chord, 2nd Inversion, 46;58;77;82;86
Bb Minor Chord, Root Position, 46;58;70;73;77
Bb Minor Chord, 1st Inversion, 46;58;73;77;82
Bb Minor Chord, 2nd Inversion, 46;58;77;82;85
Bb Diminished Chord, Root Position, 46;58;70;73;76
Bb Diminished Chord, 1st Inversion, 46;58;73;76;82
Bb Diminished Chord, 2nd Inversion, 46;58;76;82;85
Bb Augmented Chord, Root Position, 46;58;70;74;78
Bb Augmented Chord, 1st Inversion, 46;58;74;78;82
Bb Augmented Chord, 2nd Inversion, 46;58;78;82;86
Bb Sus2 Chord, Root Position, 46;58;70;72;77
Bb Sus2 Chord, 1st Inversion, 46;58;72;77;82
Bb Sus2 Chord, 2nd Inversion, 46;58;77;82;84
Bb Sus4 Chord, Root Position, 46;58;70;75;77
Bb Sus4 Chord, 1st Inversion, 46;58;75;77;82
Bb Sus4 Chord, 2nd Inversion, 46;58;77;82;87
Bb Maj7 Chord, Root Position, 46;58;70;74;77;81
Bb Maj7 Chord, 1st Inversion, 46;58;74;77;81;82
Bb Maj7 Chord, 2nd Inversion, 46;58;77;81;82;86
Bb Maj7 Chord, Drop 2, 46;58;65;70;74;81
Bb Min7 Chord, Root Position, 46;58;70;73;77;80
Bb Min7 Chord, 1st Inversion, 46;58;73;77;80;82
Bb Min7 Chord, 2nd Inversion, 46;58;77;80;82;85
Bb Min7 Chord, Drop 2, 46;58;65;70;73;80
Bb Dom7 Chord, Root Position, 46;58;70;74;77;80
Bb Dom7 Chord, 1st Inversion, 46;58;74;77;80;82
Bb Dom7 Chord, 2nd Inversion, 46;58;77;80;82;86
Bb Dom7 Chord, Drop 2, 46;58;65;70;74;80
Bb Dim7 Chord, Root Position, 46;58;70;73;76;79
Bb Dim7 Chord, 1st Inversion, 46;58;73;76;79;82
Bb Dim7 Chord, 2nd Inversion, 46;58;76;79;82;85
Bb Dim7 Chord, Drop 2, 46;58;64;70;73;79
Bb Half-Dim7 Chord, Root Position, 46;58;70;73;76;80
Bb Half-Dim7 Chord, 1st Inversion, 46;58;73;76;80;82
Bb Half-Dim7 Chord, 2nd Inversion, 46;58;76;80;82;85
Bb Half-Dim7 Chord, Drop 2, 46;58;64;70;73;80
Bb Min(Maj7) Chord, Root Position, 46;58;70;73;77;81
Bb Min(Maj7) Chord, 1st Inversion, 46;58;73;77;81;82
Bb Min(Maj7) Chord, 2nd Inversion, 46;58;77;81;82;85
Bb Min(Maj7) Chord, Drop 2, 46;58;65;70;73;81
Bb Maj6 Chord, Root Position, 46;58;70;74;77;79
Bb Maj6 Chord, 1st Inversion, 46;58;74;77;79;82
Bb Maj6 Chord, 2nd Inversion, 46;58;77;79;82;86
Bb Maj6 Chord, Drop 2, 46;58;65;70;74;79
Bb Min6 Chord, Root Position, 46;58;70;73;77;79
Bb Min6 Chord, 1st Inversion, 46;58;73;77;79;82
Bb Min6 Chord, 2nd Inversion, 46;58;77;79;82;85
Bb Min6 Chord, Drop 2, 46;58;65;70;73;79
Bb Add9 Chord, Root Position, 46;58;70;74;77;84
Bb Add9 Chord, 1st Inversion, 46;58;74;77;84;82
Bb Add9 Chord, 2nd Inversion, 46;58;77;84;82;86
Bb Add9 Chord, Drop 2, 46;58;65;70;74;84
Bb MinAdd9 Chord, Root Position, 46;58;70;73;77;84
Bb MinAdd9 Chord, 1st Inversion, 46;58;73;77;84;82
Bb MinAdd9 Chord, 2nd Inversion, 46;58;77;84;82;85
Bb MinAdd9 Chord, Drop 2, 46;58;65;70;73;84
Bb 7b5 Chord, Root Position, 46;58;70;74;76;80
Bb 7b5 Chord, 1st Inversion, 46;58;74;76;80;82
Bb 7b5 Chord, 2nd Inversion, 46;58;76;80;82;86
Bb 7b5 Chord, Drop 2, 46;58;64;70;74;80
Bb 7#5 Chord, Root Position, 46;58;70;74;78;80
Bb 7#5 Chord, 1st Inversion, 46;58;74;78;80;82
Bb 7#5 Chord, 2nd Inversion, 46;58;78;80;82;86
Bb 7#5 Chord, Drop 2, 46;58;66;70;74;80
Bb Maj9 Chord, Root Position, 46;58;70;74;77;81;84
Bb Maj9 Chord, 1st Inversion, 46;58;74;77;81;84;82
Bb Maj9 Chord, 2nd Inversion, 46;58;77;81;84;82;86
Bb Maj9 Chord, Drop 2, 46;58;69;70;74;77;84
Bb Min9 Chord, Root Position, 46;58;70;73;77;80;84
Bb Min9 Chord, 1st Inversion, 46;58;73;77;80;84;82
Bb Min9 Chord, 2nd Inversion, 46;58;77;80;84;82;85
Bb Min9 Chord, Drop 2, 46;58;68;70;73;77;84
Bb Dom9 Chord, Root Position, 46;58;70;74;77;80;84
Bb Dom9 Chord, 1st Inversion, 46;58;74;77;80;84;82
Bb Dom9 Chord, 2nd Inversion, 46;58;77;80;84;82;86
Bb Dom9 Chord, Drop 2, 46;58;68;70;74;77;84
Bb 7b9 Chord, Root Position, 46;58;70;74;77;80;83
Bb 7b9 Chord, 1st Inversion, 46;58;74;77;80;83;82
Bb 7b9 Chord, 2nd Inversion, 46;58;77;80;83;82;86
Bb 7b9 Chord, Drop 2, 46;58;68;70;74;77;83
Bb 7#9 Chord, Root Position, 46;58;70;74;77;80;85
Bb 7#9 Chord, 1st Inversion, 46;58;74;77;80;85;82
Bb 7#9 Chord, 2nd Inversion, 46;58;77;80;85;82;86
Bb 7#9 Chord, Drop 2, 46;58;68;70;74;77;85
Bb 13 Chord, Root Position, 46;58;70;74;77;80;84;91
Bb 13 Chord, 1st Inversion, 46;58;74;77;80;84;91;82
Bb 13 Chord, 2nd Inversion, 46;58;77;80;84;91;82;86
Bb 13 Chord, Drop 2, 46;58;72;70;74;77;80;91
Bb Min13 Chord, Root Position, 46;58;70;73;77;80;84;91
Bb Min13 Chord, 1st Inversion, 46;58;73;77;80;84;91;82
Bb Min13 Chord, 2nd Inversion, 46;58;77;80;84;91;82;85
Bb Min13 Chord, Drop 2, 46;58;72;70;73;77;80;91
Bb Major Scale, Block View, 46;58;70;72;74;75;77;79;81;82
Bb Natural Minor, Block View, 46;58;70;72;73;75;77;78;80;82
Bb Harmonic Minor, Block View, 46;58;70;72;73;75;77;78;81;82
Bb Melodic Minor, Block View, 46;58;70;72;73;75;77;79;81;82
Bb Dorian, Block View, 46;58;70;72;73;75;77;79;80;82
Bb Phrygian, Block View, 46;58;70;71;73;75;77;78;80;82
Bb Lydian, Block View, 46;58;70;72;74;76;77;79;81;82
Bb Mixolydian, Block View, 46;58;70;72;74;75;77;79;80;82
Bb Locrian, Block View, 46;58;70;71;73;75;76;78;80;82
Bb Pentatonic Maj, Block View, 46;58;70;72;74;77;79;82
Bb Pentatonic Min, Block View, 46;58;70;73;75;77;80;82
Bb Blues, Block View, 46;58;70;73;75;76;77;80;82
Bb Whole Tone, Block View, 46;58;70;72;74;76;78;80;82
Bb Diminished (HW), Block View, 46;58;70;71;73;74;76;77;79;80
Bb Hirajoshi, Block View, 46;58;70;74;75;79;81;82
Bb Insen, Block View, 46;58;70;71;75;77;80;82
Bb Neapolitan Maj, Block View, 46;58;70;71;73;75;77;79;81;82
Bb Enigmatic, Block View, 46;58;70;71;74;76;78;80;81;82
B Major Chord, Root Position, 47;59;71;75;78
B Major Chord, 1st Inversion, 47;59;75;78;83
B Major Chord, 2nd Inversion, 47;59;78;83;87
B Minor Chord, Root Position, 47;59;71;74;78
B Minor Chord, 1st Inversion, 47;59;74;78;83
B Minor Chord, 2nd Inversion, 47;59;78;83;86
B Diminished Chord, Root Position, 47;59;71;74;77
B Diminished Chord, 1st Inversion, 47;59;74;77;83
B Diminished Chord, 2nd Inversion, 47;59;77;83;86
B Augmented Chord, Root Position, 47;59;71;75;79
B Augmented Chord, 1st Inversion, 47;59;75;79;83
B Augmented Chord, 2nd Inversion, 47;59;79;83;87
B Sus2 Chord, Root Position, 47;59;71;73;78
B Sus2 Chord, 1st Inversion, 47;59;73;78;83
B Sus2 Chord, 2nd Inversion, 47;59;78;83;85
B Sus4 Chord, Root Position, 47;59;71;76;78
B Sus4 Chord, 1st Inversion, 47;59;76;78;83
B Sus4 Chord, 2nd Inversion, 47;59;78;83;88
B Maj7 Chord, Root Position, 47;59;71;75;78;82
B Maj7 Chord, 1st Inversion, 47;59;75;78;82;83
B Maj7 Chord, 2nd Inversion, 47;59;78;82;83;87
B Maj7 Chord, Drop 2, 47;59;66;71;75;82
B Min7 Chord, Root Position, 47;59;71;74;78;81
B Min7 Chord, 1st Inversion, 47;59;74;78;81;83
B Min7 Chord, 2nd Inversion, 47;59;78;81;83;86
B Min7 Chord, Drop 2, 47;59;66;71;74;81
B Dom7 Chord, Root Position, 47;59;71;75;78;81
B Dom7 Chord, 1st Inversion, 47;59;75;78;81;83
B Dom7 Chord, 2nd Inversion, 47;59;78;81;83;87
B Dom7 Chord, Drop 2, 47;59;66;71;75;81
B Dim7 Chord, Root Position, 47;59;71;74;77;80
B Dim7 Chord, 1st Inversion, 47;59;74;77;80;83
B Dim7 Chord, 2nd Inversion, 47;59;77;80;83;86
B Dim7 Chord, Drop 2, 47;59;65;71;74;80
B Half-Dim7 Chord, Root Position, 47;59;71;74;77;81
B Half-Dim7 Chord, 1st Inversion, 47;59;74;77;81;83
B Half-Dim7 Chord, 2nd Inversion, 47;59;77;81;83;86
B Half-Dim7 Chord, Drop 2, 47;59;65;71;74;81
B Min(Maj7) Chord, Root Position, 47;59;71;74;78;82
B Min(Maj7) Chord, 1st Inversion, 47;59;74;78;82;83
B Min(Maj7) Chord, 2nd Inversion, 47;59;78;82;83;86
B Min(Maj7) Chord, Drop 2, 47;59;66;71;74;82
B Maj6 Chord, Root Position, 47;59;71;75;78;80
B Maj6 Chord, 1st Inversion, 47;59;75;78;80;83
B Maj6 Chord, 2nd Inversion, 47;59;78;80;83;87
B Maj6 Chord, Drop 2, 47;59;66;71;75;80
B Min6 Chord, Root Position, 47;59;71;74;78;80
B Min6 Chord, 1st Inversion, 47;59;74;78;80;83
B Min6 Chord, 2nd Inversion, 47;59;78;80;83;86
B Min6 Chord, Drop 2, 47;59;66;71;74;80
B Add9 Chord, Root Position, 47;59;71;75;78;85
B Add9 Chord, 1st Inversion, 47;59;75;78;85;83
B Add9 Chord, 2nd Inversion, 47;59;78;85;83;87
B Add9 Chord, Drop 2, 47;59;66;71;75;85
B MinAdd9 Chord, Root Position, 47;59;71;74;78;85
B MinAdd9 Chord, 1st Inversion, 47;59;74;78;85;83
B MinAdd9 Chord, 2nd Inversion, 47;59;78;85;83;86
B MinAdd9 Chord, Drop 2, 47;59;66;71;74;85
B 7b5 Chord, Root Position, 47;59;71;75;77;81
B 7b5 Chord, 1st Inversion, 47;59;75;77;81;83
B 7b5 Chord, 2nd Inversion, 47;59;77;81;83;87
B 7b5 Chord, Drop 2, 47;59;65;71;75;81
B 7#5 Chord, Root Position, 47;59;71;75;79;81
B 7#5 Chord, 1st Inversion, 47;59;75;79;81;83
B 7#5 Chord, 2nd Inversion, 47;59;79;81;83;87
B 7#5 Chord, Drop 2, 47;59;67;71;75;81
B Maj9 Chord, Root Position, 47;59;71;75;78;82;85
B Maj9 Chord, 1st Inversion, 47;59;75;78;82;85;83
B Maj9 Chord, 2nd Inversion, 47;59;78;82;85;83;87
B Maj9 Chord, Drop 2, 47;59;70;71;75;78;85
B Min9 Chord, Root Position, 47;59;71;74;78;81;85
B Min9 Chord, 1st Inversion, 47;59;74;78;81;85;83
B Min9 Chord, 2nd Inversion, 47;59;78;81;85;83;86
B Min9 Chord, Drop 2, 47;59;69;71;74;78;85
B Dom9 Chord, Root Position, 47;59;71;75;78;81;85
B Dom9 Chord, 1st Inversion, 47;59;75;78;81;85;83
B Dom9 Chord, 2nd Inversion, 47;59;78;81;85;83;87
B Dom9 Chord, Drop 2, 47;59;69;71;75;78;85
B 7b9 Chord, Root Position, 47;59;71;75;78;81;84
B 7b9 Chord, 1st Inversion, 47;59;75;78;81;84;83
B 7b9 Chord, 2nd Inversion, 47;59;78;81;84;83;87
B 7b9 Chord, Drop 2, 47;59;69;71;75;78;84
B 7#9 Chord, Root Position, 47;59;71;75;78;81;86
B 7#9 Chord, 1st Inversion, 47;59;75;78;81;86;83
B 7#9 Chord, 2nd Inversion, 47;59;78;81;86;83;87
B 7#9 Chord, Drop 2, 47;59;69;71;75;78;86
B 13 Chord, Root Position, 47;59;71;75;78;81;85;92
B 13 Chord, 1st Inversion, 47;59;75;78;81;85;92;83
B 13 Chord, 2nd Inversion, 47;59;78;81;85;92;83;87
B 13 Chord, Drop 2, 47;59;73;71;75;78;81;92
B Min13 Chord, Root Position, 47;59;71;74;78;81;85;92
B Min13 Chord, 1st Inversion, 47;59;74;78;81;85;92;83
B Min13 Chord, 2nd Inversion, 47;59;78;81;85;92;83;86
B Min13 Chord, Drop 2, 47;59;73;71;74;78;81;92
B Major Scale, Block View, 47;59;71;73;75;76;78;80;82;83
B Natural Minor, Block View, 47;59;71;73;74;76;78;79;81;83
B Harmonic Minor, Block View, 47;59;71;73;74;76;78;79;82;83
B Melodic Minor, Block View, 47;59;71;73;74;76;78;80;82;83
B Dorian, Block View, 47;59;71;73;74;76;78;80;81;83
B Phrygian, Block View, 47;59;71;72;74;76;78;79;81;83
B Lydian, Block View, 47;59;71;73;75;77;78;80;82;83
B Mixolydian, Block View, 47;59;71;73;75;76;78;80;81;83
B Locrian, Block View, 47;59;71;72;74;76;77;79;81;83
B Pentatonic Maj, Block View, 47;59;71;73;75;78;80;83
B Pentatonic Min, Block View, 47;59;71;74;76;78;81;83
B Blues, Block View, 47;59;71;74;76;77;78;81;83
B Whole Tone, Block View, 47;59;71;73;75;77;79;81;83
B Diminished (HW), Block View, 47;59;71;72;74;75;77;78;80;81
B Hirajoshi, Block View, 47;59;71;75;76;80;82;83
B Insen, Block View, 47;59;71;72;76;78;81;83
B Neapolitan Maj, Block View, 47;59;71;72;74;76;78;80;82;83
B Enigmatic, Block View, 47;59;71;72;75;77;79;81;82;83
